-7.571402636757849913e-02,-1.300735633195070073e-01,-1.064919619394610051e-01,-4.037763856693559750e-01,-1.032944636944260058e-01,-1.316154923285429934e+00,-6.871838854992430301e-01,1.915290505774630003e-01,-2.682696822904589995e-01,7.223417772671079928e-02,4.487437006137540152e-01,-6.025332524849560251e-02,2.607335195948280032e-02,1.451126085699930013e-01,-4.934022968350340044e-01,1.324936740563429916e-01,1.802784325089590023e-01,-1.926655569301350124e-01,1.722880623802469924e-01,7.742737362297770487e-02,-2.096949690258959886e-01,7.387790948726459528e-02,-1.017930772999600109e+00,1.802103764291350108e-01,4.209803733709799878e-01,-5.354758703858130131e-01,4.179141059857169882e-01,-9.252030710696510507e-01,-4.357248210418039891e-01,-3.029342430882829840e-01,3.899139840340680174e-01,-6.390109016796909902e-01,2.883726138491680135e-01,1.138112525411450054e-01,-2.335922170178660051e-01,-5.728317316264760484e-01,-1.886390377125789913e-02,-8.600769440084590212e-01,5.821813242733959726e-01,-3.570114428728780043e-01,6.115376341219335821e+00,2.486760868699329774e-01,3.133629595138955004e+00,1.016743413769389370e+00,1.744701993176221322e+00,3.569516821422663355e+00,-8.538669014629118870e-01,5.753700530215237752e-01,2.930956186714202438e+00,1.151369038737060979e+00,1.013740503963378448e-02,-2.161517280435474031e-01,-3.232816478930919946e-01,8.703014591622093121e+00,-1.103570672966607713e+00,1.885097224140532823e-01,-1.174109313629287943e-01,-3.250891646637887877e+00,4.665277305706116096e+00,2.020440086117928358e-01,2.170452910697564519e+00,1.359994436238136650e-01,-8.295748802006039924e+00,-1.454735537386423694e+00,5.063809979657076799e-01,-3.961957693105192302e+00,1.730837945888131113e+00,2.209321418416730909e-01,2.964724094774596752e-01,-1.561972879075979870e-01,-1.755934991825702784e-01,-1.151116871504999306e+00,2.165336824688446349e+00,-1.911966106850256697e+00,-2.189959790151664976e+00,4.127445975324002259e-01,4.269038260738117430e+00,-3.121947558277881285e+00,3.695568835168759669e+00,-4.440933599853853497e-01,-3.275508557871333326e-01,7.639890219213895106e-01,-2.647585172525895869e-01,1.860038140272132767e-01,-1.618435731533468092e+00,-4.003553254078723533e+00,2.751283185254830288e-01,-1.868762597074925313e+00,3.441790564425974530e+00,5.567170520792517063e-01,-9.629528084984523284e-02,-5.012429958253364903e-01,-7.816873664781085473e+00,3.728465814697108804e+00,1.648282629342712191e+00,1.304990078980568402e+00,1.927546030228269036e-01,-6.441843863529390646e-01,1.125936133716820109e+00,3.410791730363792240e+00,-2.414506788186110864e+00,3.168396861658880903e-01,-3.098507590837553671e+00,5.000000000000000000e+01,1.305261922200514901e-01,9.914448613738103822e-01
2.669512299084599860e-01,4.712904176181639815e-01,1.492875532695550067e-01,-2.161158573395529914e-01,3.731980936888260048e-01,1.054822892060929940e+00,-1.164052941689690090e+00,1.665704469561319900e-01,5.936003934856759479e-01,8.625302611466180158e-01,1.719443369461860049e+00,-8.568118176203189940e-01,-3.055476197725999835e-02,-5.048496250837429811e-01,7.707427069642049933e-01,7.847368898788080471e-02,-6.351543476547959477e-01,4.520946581901359729e-02,4.350505513228399845e-01,-3.892506018549520275e-01,1.144209524946190104e+00,-3.784255045671550133e-01,-1.943138532526760054e+00,4.847765774013170215e-01,1.137945576233249989e+00,-1.454828600190799959e+00,-4.582384454889250058e-01,4.131262617001660309e-02,-3.118196231754559733e-01,-2.849325299305460191e-01,9.744875001026249706e-01,2.520444860290799727e-01,-1.327396804143009951e-02,5.347037261085959559e-01,-8.372492655023050512e-01,-1.061358976933930026e-01,-3.360221255763720105e-01,-1.109494373817649926e+00,-8.451710101648940432e-01,-9.096944069938609490e-01,7.134429616782381744e-01,-9.379954776738024247e-01,4.805282447473644414e-01,-6.775611600573216986e-01,3.704904921235876447e+00,2.108403291503281096e+00,1.297156266467589969e+00,5.403155921793540095e+00,6.883420877857505005e+00,1.008077756785152879e+01,-1.355873373782129576e+00,4.176953441975897796e+00,1.020914275318630882e+00,5.929515190639458311e+00,-4.881816752099275902e+00,-8.123973182481676325e-01,-2.994808600366435147e+00,-2.818512152865710885e+00,3.692142066267625200e+00,-6.766287015547753914e-01,3.517406136715958809e+00,-5.266010115250779222e+00,-6.248777104909924773e+00,3.867030336905906140e-01,-2.044971552349420740e+00,-2.963104698329273923e+00,2.495799924905268252e+00,1.413057122200579485e+01,-2.395367203511985732e+00,-1.120699522805288284e+00,1.560455001647214068e+00,-6.153829186150627795e-01,7.751608052735479149e+00,-1.978556930505211753e+00,-3.695650834996515033e-01,-1.637886237880078200e-01,-2.337770096382830065e+00,-2.046441297765709599e+00,1.434569381256419618e+01,-4.426598619697249548e-01,-5.180650074092529866e-01,-3.655246735240971212e+00,-1.282474764316514637e+00,-7.797046638796914508e-02,-6.550241079423159363e+00,-1.556544712873476755e+01,-2.619239214032314855e+00,-1.327646188418198703e+00,1.161724156240899752e+00,-1.884986359714491133e-01,-1.394096621450589657e+00,-4.005755466603220682e+00,-1.247731544752551258e+01,1.377466179285107284e+00,1.899048433062584529e+00,2.827082705464205148e+00,-3.372759127549279645e-02,1.504773688041616930e+00,2.409870621319899264e+00,5.945713969739344407e+00,2.093207941348095957e+00,-7.129831133316354430e-01,3.004141801882291851e+00,5.000000000000000000e+01,4.999999999999998890e-01,8.660254037844387076e-01
4.547287228054640029e-01,8.197210163996930532e-02,2.806552548056570062e-01,-5.912011123852880523e-01,4.919534201867760137e-01,-1.583056153984339909e-01,-4.597740292103980053e-01,2.182729327140240094e-01,5.874536839121260456e-01,8.219732445354289707e-01,1.943970897518189966e+00,5.970841136828189954e-01,-2.219732036554949994e-01,5.809096885093689711e-01,1.543992041746919952e+00,-3.502026152145459870e-02,8.949280293205700287e-01,2.313195326276989983e-01,3.256865449785459887e-01,-2.227550808270279958e-01,1.591342491756009947e+00,3.040073188628110157e-01,-1.768675239078560057e+00,2.612150230062729728e-01,1.017908311515490105e+00,-1.244068138947560076e+00,5.693822337902499919e-01,2.221706087247440120e+00,-2.963456901254469811e-01,1.177268175553869978e-01,9.658625074049600467e-01,2.350598696940810139e+00,-2.779624460405760167e-01,1.000338736018290042e+00,-8.506909220680809458e-01,5.833195995144450086e-01,-1.394199645477799954e-01,-1.185130416098900019e+00,-6.053138418251550190e-01,7.027702893659789618e-01,5.495461791299673493e+00,-5.065755078498677122e+00,-2.304669933324267284e+00,1.119264580693378086e+00,2.669867346632744720e+00,1.544641202100030863e+00,3.082474975939248019e+00,5.979657867127887272e+00,6.177187505255063549e+00,1.093231233416551262e+01,8.427703098019250216e-01,1.512213932993935916e+00,9.422406671005383316e-01,-2.430076011754224385e+00,-7.991847593837990704e-01,-4.429301490703301258e-01,-1.180092484229103844e+00,-2.833982718723661254e+00,3.431254738740032728e+00,-4.300134957705270544e-02,4.472313058863768731e+00,-4.370838015971580504e+00,-1.131131865961198413e+00,-1.064025795202474090e+00,-2.032653434943582749e+00,-3.956643236233471583e+00,2.049842328136660896e+00,1.413880014051721012e+01,-2.227412091310635223e+00,-2.253796547778443293e-01,5.136104356172978669e+00,-2.469060936285369934e+00,7.136062314201680579e+00,-1.668099618594521383e+00,1.632082407494022114e+00,-9.290475796147483756e-01,-1.617253156807827441e+00,-1.812316723056860424e-01,1.657644362335967969e+01,5.602030899939763886e-01,2.140064103322381062e-01,-3.230502717967836279e+00,3.665892286111883114e-01,-4.915379073511795260e-01,-7.150822821882192315e+00,-1.628455311377022241e+01,-3.897151326412834349e-01,4.811861946287089298e-01,-3.908545948227268862e-01,-1.834002854130245552e+00,7.163540516233007693e+00,-1.299248211559100863e+00,-1.214154961471033189e+01,4.243346938800816481e+00,1.969985196669795435e+00,2.310843249061405036e-01,-7.544122085723727889e-01,1.928637542960305762e+00,2.399728017196593566e+00,1.621353859130403663e+01,-1.861361844184857395e+00,-1.357697176088915825e+00,3.569867959530494517e+00,5.000000000000000000e+01,8.660254037844385966e-01,5.000000000000001110e-01
7.753655453637370298e-01,1.610414917246770147e-02,-1.308498457302159912e-01,-3.775956809429519695e-02,4.056796470353369877e-01,-1.375950716097299908e+00,-1.097814310675540028e+00,-1.071783071447380067e-02,4.881296594798020250e-01,5.699274371348950208e-01,2.717632282176480008e+00,2.025191268135889899e+00,-3.872733942066119983e-01,3.431477297204839960e+00,1.941278045833799926e+00,-7.259115192792060522e-01,2.620218049327240006e+00,4.178216910384229821e-01,9.698423629303389859e-01,-1.887028506392290084e-01,2.873879877169490005e+00,1.617110016011070073e+00,-2.062326484229939805e+00,-3.771105438997670034e-01,9.686322411803149901e-01,-1.230960471553470104e+00,1.473075495635949972e+00,2.401362239264909881e+00,3.447203638832569972e-01,-1.741933304889690115e-01,9.398171340749700287e-01,3.759182259539420201e+00,-3.678668388463020023e-01,9.566285087888249938e-01,-4.616592159715199872e-01,-7.645902185379299665e-02,-4.489285213032059851e-01,-3.433217655645670052e-01,-1.853344286381500006e-01,3.586415925368950042e+00,5.273048701219826384e+00,-1.014079631556028716e+01,-5.256915323718156507e+00,3.072089053566402495e+00,2.326103072901894109e+00,2.211608358322215029e+00,6.707002341680963653e+00,6.084892998659625185e+00,6.659417632135325782e+00,9.458621543715103996e+00,-1.297926057868331373e+00,1.578693297353360170e-01,9.902229850240412690e-01,-4.268582223088929872e+00,-2.393093727272730842e+00,2.678975189101346910e-01,-2.341717322465588502e+00,-9.222506670113495009e-02,1.543860511056721618e-01,-4.851847612414887934e-01,3.841561764694353620e+00,-5.595102901917790916e+00,-2.955643122342930251e+00,5.872691540955844447e-01,4.962301634475715928e-01,-2.974851010967280551e+00,3.068895423537590372e-01,1.328322636268137558e+01,-2.566903909376644144e+00,9.846339890741557799e-01,8.485204575871591715e+00,4.306467492539619579e-01,5.977409536711814297e+00,-1.452921556491260757e+00,2.387587580564684231e+00,-8.021300557243195017e-01,2.483091700649886491e-01,-3.293428862937047841e-01,1.833259986319450263e+01,-1.478457424371016682e+00,-1.125504922748874703e+00,-1.789186202905430179e+00,2.911955228734401935e+00,-2.929211914804223382e-01,-7.011325301799717025e+00,-1.489766259738589937e+01,-3.224065502387915227e+00,3.380928551378384661e+00,3.644485612530427687e+00,-3.255355780660903697e+00,2.066861807768564319e+01,-1.388593799605871704e+00,-1.145451157020831623e+01,4.323096608333873547e+00,9.110038292672395510e-01,3.176236161908770672e+00,1.037813843927936908e-01,3.655341642631704246e+00,4.592694901502862415e+00,1.715720071935820101e+01,-3.791163179502988090e+00,-1.814227464863500838e+00,3.896974765444737532e+00,5.000000000000000000e+01,1.000000000000000000e+00,6.123233995736766036e-17
1.407436557965110024e+00,4.272336974251499941e-01,-2.262204443124120057e-01,5.021999604119959937e-01,3.953084530702830057e-01,-1.622454743756440054e+00,-1.369259818432710052e+00,-2.106884032487779945e-01,7.664880223467450404e-02,4.228588894917509888e-01,2.559416880457079824e+00,3.383278762580599786e+00,-4.358841395489470028e-01,5.651015788510710181e+00,2.160278727166109913e+00,-5.040775813990949761e-01,3.229718321180340190e+00,6.245553734966480253e-01,1.085321511272840045e+00,-7.753172845938839652e-02,4.636445967188659978e+00,3.837482499255440160e+00,-2.443944362927350067e+00,-1.288900824209179952e+00,8.329906288060570096e-01,-7.472591796881550286e-01,3.044634617400889809e+00,1.685635281410460040e+00,6.952146545824350321e-01,-2.171903370051829832e-02,6.006752847547679464e-01,3.515404182618580009e+00,-8.560974895398819617e-01,1.128281120700070028e+00,-3.491897545376729806e-01,-9.729128397459350097e-01,-4.783858552259789843e-01,-1.383697947651479909e-01,1.500254694510110010e-02,4.161343976213349727e+00,4.442937056570940513e+00,-1.287068148560186742e+01,-5.876160039583810502e+00,4.615045534671137872e+00,2.262398828667836703e+00,2.643734662362621002e+00,1.505120129751133007e+01,5.199621654893823219e+00,6.921492738445046200e+00,7.641574221673367084e+00,-1.957430903036354586e+00,-5.315273625973554461e-01,1.487026935182596543e-01,-2.067703044666555634e+00,-2.063661311552983157e+00,1.442062145009751495e+00,-1.279342041581397638e+00,-2.951534573356075164e+00,-1.110746271516238615e-01,-1.467749615978975464e-01,3.585292424630971642e+00,-6.107125825595147717e+00,-1.421335635695965660e+00,-2.603542008951424958e-01,2.548659263594583280e+00,-2.490048804581707742e+00,-1.023905963948239295e+00,1.091199682245745706e+01,-2.479348665585776157e+00,2.339245952205456724e+00,1.052947395592696367e+01,2.139811484278665965e+00,6.884461927907070233e+00,-1.808903387019705766e+00,3.703274272699708991e+00,-2.641144475260633229e+00,2.194538963002563126e+00,-1.342448668723325911e+00,1.794494165016931575e+01,-6.968047391516380973e-01,-1.137832329950964949e+00,-1.031789220223974901e+00,3.675367931450914671e+00,1.320827793846694131e+00,-6.904669366861893920e+00,-1.349765103650810438e+01,-2.264696629486437907e+00,4.460509453319774664e+00,-7.517923580074175050e-01,2.323996401144766910e+00,2.945287392573629859e+01,-1.738390287066623241e+00,-1.142220270979276719e+01,4.297683308397295399e+00,3.474624769029572291e-01,1.734768351410267639e+00,-1.178502757335248008e-03,5.701620257541478054e+00,4.272155388047702118e+00,1.019242628492256841e+01,-5.185720628347274541e+00,-1.507709731448484636e+00,6.391402943642480849e+00,5.000000000000000000e+01,8.660254037844388186e-01,-4.999999999999997780e-01
1.345102544930669941e+00,5.665544936909879814e-01,-1.527534896695670052e-01,1.118886247547399959e+00,1.023737744005090017e-01,-1.694065383335400021e+00,-1.673378239899850017e+00,-2.834517533170750059e-01,3.466767594463190244e-02,5.436846177997589624e-01,2.138201354523720177e+00,3.319360979428930047e+00,-4.956284271447830014e-01,5.577664260663669715e+00,1.623268684920619931e+00,-3.147775019303130084e-01,3.477951355577479919e+00,5.747217795546020191e-01,1.255778961624689938e+00,-1.627406764052790125e-02,4.669547372383339834e+00,4.175675877091610033e+00,-2.359950322690380187e+00,-8.857378530054389465e-01,8.455626990464699677e-01,-5.738366838742969822e-01,3.496520036300879930e+00,1.017708585496670093e+00,5.034200360208780367e-01,-3.188732711888340177e-01,-7.785139025928150547e-02,2.709094875470400066e+00,-7.928290292433319841e-01,1.182457502533740046e+00,-4.361772969701400160e-01,-6.626268632337179998e-01,-7.224700137582179549e-01,-5.221462502800879729e-02,4.333315750314299664e-02,3.750517267247070130e+00,3.272570981795634104e+00,-1.192658823933725643e+01,-4.045070358169063240e+00,5.071193883063253693e+00,3.160923746357346964e+00,1.468194356601187689e+00,1.730324650027920796e+01,3.414899488803732730e+00,6.896562721619211800e+00,7.945241376894979446e+00,-2.152098333043693135e+00,5.991137644232197301e-01,-7.563117295931448547e-02,1.313046358342562225e+00,-4.643045784597963355e+00,2.889704075736164057e+00,-1.126991069989096372e+00,-3.754564719581790833e+00,6.428291515618106411e-01,-1.312886328390352464e+00,3.526018212263507312e+00,-7.200220992375854223e+00,-3.482184535177313744e+00,1.033929271752350276e+00,2.669445824545733092e+00,-2.280188184462367484e+00,-2.631831805064240637e+00,1.164031468415389092e+01,-2.999742758995679548e+00,6.080461032906272489e-01,8.078294175610649219e+00,-1.171860056202771450e+00,7.169700241421479880e+00,-2.246351647654538208e+00,3.005060885906477353e+00,-2.970686407384131034e+00,3.209713987224909637e+00,-2.512733944252783846e+00,1.627019534147067503e+01,-3.339651057580075744e+00,-1.646615056830129653e+00,-7.818279975676296623e-01,3.819466850622119214e+00,1.880779314198710583e+00,-6.907564322227353060e+00,-1.237673857141379230e+01,-1.462747442728423497e+00,2.302888711402080624e+00,3.529921181699922084e+00,4.634702193689498095e+00,3.024943035954728998e+01,-1.787367279879753745e+00,-1.207945792748025227e+01,5.263332663810237122e+00,2.070299859602636516e+00,-1.540942000569792913e+00,8.939005834936067929e-01,5.911135523283060245e+00,3.435866614069793989e+00,4.932388929270244304e+00,-6.769731011488178574e+00,-1.245140831144230908e+00,6.876078994111923137e+00,5.000000000000000000e+01,7.071067811865472397e-01,-7.071067811865477948e-01
1.401978745854669972e+00,4.965198068628319805e-01,-2.521301664000419884e-01,-2.127203309632729952e-02,1.058549012892120028e-01,-1.963349153720199913e+00,-1.577918447057240048e+00,-2.674604397673939760e-01,-1.751752212101899964e-01,5.285909088856860505e-01,2.053949929714209865e+00,3.429820857430140091e+00,-2.934218993118399843e-01,5.390946770586020342e+00,2.003634102850849974e+00,-1.324327214164439936e-01,3.442022515194079979e+00,6.125196591070399821e-01,1.005936412651790013e+00,5.633439750133070051e-02,4.623802103203930258e+00,4.141895257955289900e+00,-2.622015975599360171e+00,-1.249706018912019934e+00,6.667944294103259617e-01,-8.097239970287719579e-01,3.628655367836529866e+00,9.337138260581280269e-01,6.473628424510280421e-01,-3.496301069641999937e-01,-6.972592166341129438e-02,2.208263450120469873e+00,-1.132779984695319930e+00,1.342747060110150104e+00,-5.298855037771660337e-01,-5.557177344422760124e-01,-6.294083295130820099e-01,1.166452352865079978e-01,1.837676595175279926e-01,3.456193364075189844e+00,2.836848996544679480e+00,-1.127945484917037078e+01,-3.457322398336421188e+00,4.112883966979482331e+00,1.531658634996523549e+00,1.012221995300285338e+00,1.799315062909181506e+01,2.927061268533120764e+00,6.934875773722153802e+00,7.023960005018894392e+00,-1.286733814216123317e+00,5.034418817657037026e-01,-6.924816195966680965e-01,3.180903040685325589e+00,-4.996776820659666996e+00,3.005903247476827467e+00,-2.149312199357850339e+00,-5.326588078928682357e-01,3.835744167675396277e+00,-9.014451091152264617e-02,2.876522802003206536e+00,-6.644275695403055515e+00,-2.214404834651794829e+00,-8.837699915438397280e-01,2.081448307523088292e+00,-4.558624362741253044e+00,-3.247659740384910343e+00,1.157947389220833934e+01,-3.364999509556269253e+00,-1.407031329477463899e-01,7.312655399061092965e+00,2.099103038418725475e+00,7.043440736358434151e+00,-1.698608688361471497e+00,2.498265199757703225e+00,-2.140719084008303685e+00,2.262756498631636415e+00,-3.038096890388666260e+00,1.481101875976082383e+01,-1.477586900503567335e+00,-1.490583856707559107e+00,-1.217519060285322530e+00,4.295666152033174257e+00,1.894247815658902656e+00,-6.555360675790988800e+00,-1.264290019098269902e+01,-4.667792437763932156e+00,2.497047494590493244e+00,2.621118088989735639e+00,6.640375921203554910e+00,3.018544556508948773e+01,-2.694581272723267418e+00,-1.254729428264894509e+01,2.435339061177140163e+00,1.691510350031982357e+00,9.043343074872455256e-01,1.127086251043910803e+00,5.207515152595936669e+00,3.603122024994443784e+00,3.496904843902184812e+00,-6.564769366824932284e+00,-5.490709803960105440e-01,7.102956839051457472e+00,5.000000000000000000e+01,4.999999999999998890e-01,-8.660254037844387076e-01
1.132163520921350086e+00,8.625435526633810079e-01,-3.845971980427280168e-01,-2.211920241718439983e-01,2.565951637954140274e-01,-2.261389112587429917e+00,-1.986608239788909991e+00,-2.365402525244069964e-01,5.968169149573240156e-02,4.172852334880600145e-01,1.917185860315709922e+00,2.849306063989899940e+00,-4.942675331344340006e-01,5.182774858178100352e+00,1.317658270113200025e+00,-2.713790987848059902e-02,3.233177984614159950e+00,5.099902805617150259e-01,1.008737083366040066e+00,-8.053405924603350419e-02,4.329346294302560239e+00,3.979894441516650172e+00,-2.700200516209029900e+00,-1.184430831735769907e+00,7.057463380757460492e-01,-1.026443180540800082e+00,3.548509751900450038e+00,8.635960748736659642e-01,5.148297607215279736e-01,-4.822747901972859741e-01,-1.789159924261680135e-01,1.932272981454590033e+00,-1.042868918462960037e+00,1.173886076937850076e+00,-6.592293776334789968e-01,-6.526339953427620078e-01,-3.824641126990779849e-01,-3.697402843266949790e-01,-3.988329211195519863e-01,3.046282053082399965e+00,3.316532129891190728e+00,-1.010800874157263252e+01,-2.933154812838571157e+00,4.287349855387430075e+00,3.776586395829134357e+00,1.388260986316228740e+00,1.771448393182574321e+01,2.356603705632375423e+00,7.094757226624311741e+00,6.387947990581528401e+00,-1.015318793140882692e+00,9.612175595420751062e-01,-1.873683187496343050e-01,3.376369464424873179e+00,-6.802442632544052348e-01,3.597157052271862998e+00,-4.737712968902158650e+00,-2.980271121403089030e+00,3.084227700656169802e+00,-4.980015447101813209e-01,3.954330367879459907e+00,-6.621342970961283214e+00,-9.313112670572593288e+00,7.502873531466801582e-01,9.808946888428285993e-01,-2.157346490508871284e+00,-3.206083799626069375e+00,1.049972426610020904e+01,-3.451887660677384062e+00,-1.677808009737293826e-01,6.833251932529509354e+00,1.674772820424303532e+00,6.834495267108382066e+00,-1.376362995703025005e+00,1.713147589748380328e+00,-2.697877238275656619e+00,1.058015707395302929e+00,-2.971207460456250615e+00,1.470782751417483425e+01,-3.705679934736977543e+00,-1.776969557809815914e+00,-1.527670406929543034e+00,4.198363256986321623e+00,8.348299695520148278e-01,-6.039980648559920340e+00,-1.235651228883810759e+01,-4.853064104905874920e+00,-1.504737929723430900e+00,2.096339001927468360e+00,5.577002143579018245e+00,2.837275477588744010e+01,-2.227886456066741072e+00,-1.278112879800310608e+01,4.920232356360941139e+00,2.203438383307113835e+00,6.428362030237013691e-01,8.630767076860863529e-01,4.765192786191431829e+00,3.328692485833958159e+00,3.950203586242654108e+00,-7.885171783296009096e+00,-9.502394565010411354e-01,6.032269582862308965e+00,5.000000000000000000e+01,1.224646799147353207e-16,-1.000000000000000000e+00
-9.733756234108530414e-01,2.567646012289410140e-01,8.345890041470820087e-02,-7.819455163236690431e-01,-3.259033198628579764e-01,-1.929818975407069925e-01,-1.012881323039440007e+00,2.748610769627399808e-01,2.250489809437609956e-01,6.888933902307380341e-01,4.378382059932660053e-01,-6.405869586207070254e-01,2.384273675374170010e-01,-1.201207258471530093e+00,-7.562688653180470455e-01,2.814734819561969803e-01,-5.346861845279919923e-01,-2.571000313061659881e-01,-7.257335467369610549e-02,-1.892326961924570006e-01,-1.018559704270949995e+00,-1.014850397915449953e+00,-1.780376715421490008e+00,-1.236677191116020008e-01,9.876217956341929449e-01,1.486016932204599961e+00,-7.719561989078600472e-01,-2.234191939427149887e+00,-9.518745938121829786e-01,-1.464607757318560077e-01,7.351648758064910361e-02,-1.848023594949530057e+00,9.674115768975509455e-02,7.828244768527909958e-01,-6.018051158654319499e-01,1.182130686791690033e-01,-2.553622174562220071e-01,-1.728148705188520040e+00,-2.526971959630139875e-01,-9.486604646524330331e-01,-5.316325469723859332e-01,5.183759763130415532e-01,6.389301591507717148e+00,2.124894870294594118e-01,2.761958823754024017e+00,3.325808299504400711e+00,-3.367313621056103656e+00,6.950311065733862037e+00,6.825432308681273597e+00,1.077545775570214559e+01,-4.134480686274343952e+00,5.281613512265204591e+00,2.059188004080939383e+00,1.315550496197021246e+01,-8.729843975723812211e-01,3.251409395368551447e+00,-2.055713009648482803e+00,-2.802404788511892342e+00,1.352590397979858583e+00,-1.265572521055226218e+00,-3.434906726665560850e-01,-6.292422173573925193e+00,-4.668585739694834480e+00,3.950061573665045733e-01,1.123944615257807866e+00,-3.005375009246484375e+00,-9.118037651090454832e-01,9.755273164326904833e+00,-2.818543685285334277e+00,2.956318225627478924e-01,-1.036710922381668842e+00,-3.014081310455987150e+00,7.724038948595569387e+00,-1.729281819683619492e+00,-3.695414707132528065e+00,1.039201054701524907e+00,4.233924786117998273e+00,4.314256120329886812e-01,-1.170104364214920700e+00,-3.132522161209931433e+00,-1.436208092561885863e+00,-2.055275757433895123e+00,6.847388658768893688e-01,9.600769778165277879e-01,-6.476479645379908057e+00,-3.114890102624707779e+00,-2.835452801377771781e+00,-4.857162601610802710e+00,-4.233240995636023962e-01,2.643678038636441130e+00,-5.649970824166890004e+00,-5.344826449257103818e+00,-1.168865466058893077e+01,3.826375157797472948e+00,4.092904604648381017e+00,1.131679342457283521e+00,6.908920193485077466e-01,-1.059975637012443350e+00,1.309959997270687904e+00,6.364456728936666252e+00,4.698142143053001263e-01,6.442995577885413105e-02,5.542266979428692730e-01,3.000000000000000000e+02,4.999999999999998890e-01,8.660254037844387076e-01
-7.185158987401509822e-01,3.241844679199499830e-03,3.619912024973430120e-01,-6.626606544864690473e-01,-9.966048834004490042e-02,-9.420180259520649635e-01,-1.428428538990180074e+00,2.095116939871800033e-01,1.929212555569999876e-01,6.105887769093599760e-01,1.400569700816379992e+00,-9.341085059928180279e-01,1.634693589113559997e-01,-1.120297170585859980e+00,6.795591003288149468e-01,2.325622025577079865e-01,4.317315035878819818e-01,-1.249593231779719954e-02,2.646219466734380243e-01,-3.122976721674339817e-01,-2.172794985320570041e-02,-2.299460116505009921e-01,-1.299754710029529914e+00,-5.386765725009190486e-01,1.154024880189689961e+00,6.547273329930020092e-01,-7.309833086244319489e-01,-3.439058530746310072e-01,-8.456970071804600364e-01,-8.969855826214609973e-01,8.863631553379069938e-01,-9.582991992788010560e-02,-4.623144238720740262e-02,6.320363389766909812e-01,-8.973114365010389504e-01,-2.715936702567939981e-02,-4.537280138052299794e-01,-1.731202766491769962e+00,-5.012744673986769817e-01,-1.239411832117399914e+00,3.782513412258136309e+00,-2.770383351643938230e+00,3.143029849164630907e+00,2.811277999107015368e+00,3.731732442717350384e+00,4.218590801955122593e+00,-2.798269683958450216e+00,5.711619337647016792e+00,4.525346555704122586e+00,1.213707706636108341e+01,-3.212678302706320377e+00,4.323770844632464083e+00,2.027190384530674461e+00,8.550639478666166582e+00,-1.331352722200990213e+00,-3.972012397638562398e-01,-1.751228885554591663e+00,-3.126902072994179882e+00,-1.202298762853062364e-01,-1.707064825428667554e+00,1.889117648531227545e+00,-6.205653060778368868e+00,-6.581225863188908676e+00,-2.928931663621654913e+00,1.061251643168636072e+00,-3.651833582253360522e+00,3.156504753293444043e+00,1.224690665465531580e+01,-2.864010411979302173e+00,-7.444162425664393457e-01,2.753947408195990265e-01,2.979561239447685583e-01,5.903018357716423026e+00,3.073876765617641560e+00,-3.884528409688529749e+00,-1.677214615945547271e-01,3.210215615888659002e+00,-2.298521254290295524e+00,4.022788268592665695e+00,-3.541720958206405534e+00,-1.115241509353491756e+00,-2.940199849070626037e+00,1.492988242216803485e+00,1.833113679008457009e+00,-7.433272502125179315e+00,-7.191915149952907704e+00,-3.516501329527081499e+00,-5.229187686420697645e+00,2.722046559560905354e+00,7.904015092132671283e-02,-2.160324816520058810e+00,-3.820675050193009348e+00,-9.824819110939213118e+00,4.039954029080292663e-01,3.110930173083646721e+00,2.447338602308321232e+00,1.028805494504571039e+00,2.522591343897295779e-01,2.064113812769612810e+00,9.807071050700383097e+00,-5.317822260601472451e+00,-9.780293147087907313e-01,5.478573823953751809e-01,5.000000000000000000e+02,8.660254037844385966e-01,5.000000000000001110e-01
-6.706905656310160335e-01,-2.310465761587789935e-01,2.412279455193949984e-01,-2.690302190684960015e-01,-3.976892069519250006e-01,-1.363243751558010031e+00,-1.350616160210690087e+00,4.061032795941420248e-02,2.982080192194739854e-01,7.119692485959370210e-01,1.992960135264409960e+00,2.975504518215290051e-01,1.458537936509139987e-01,-1.495967239978840124e-01,1.092006965549050079e+00,3.907504412837600055e-02,2.522892591008409902e+00,-2.560294143434950209e-01,6.304573317640920216e-01,-9.879075174341599500e-03,4.596938388492040062e-01,5.845424051817319500e-01,-1.430211919663590070e+00,-4.078806394070439989e-01,1.203854091486090017e+00,7.795374250278670480e-01,1.957388387705230048e-01,8.049912477962399837e-01,-6.254113814111700309e-01,-2.346733492369769969e-01,5.853890395776819577e-01,2.079932586012890106e+00,-2.481019705746889958e-01,1.137587257340779923e+00,-8.282560461974329824e-01,-1.147454054704469956e-01,-6.181567989376109962e-01,-1.363919539229849986e+00,-9.806073556428599458e-01,1.213559022943589971e+00,3.442796150611788342e+00,-6.172379986950547348e+00,1.626058572400836510e+00,1.456019462291347377e+00,5.530534668795643150e+00,1.341500995546659469e+00,-4.716581106655168276e-01,5.693538981330467763e+00,5.110809644169587607e+00,1.236240578012294478e+01,-2.541789007616978679e+00,3.740469460813800051e+00,1.994996581860027707e+00,7.686554302161307639e+00,-4.638485341956973151e+00,5.698409848869160355e-01,-7.488204760045549246e-01,-2.896671690005101496e+00,4.941486851924294932e-01,-1.135584944851540490e+00,3.367164253452733291e+00,-4.884910566251420505e+00,-6.878196715967961339e+00,-3.270476291637712585e+00,4.254516548059387171e-01,-8.016102487713666624e-01,9.057555112748816306e-02,1.437769359979050598e+01,-2.003840330188674912e+00,3.035760329836678650e-02,4.259718026334753382e+00,1.202715364447711321e+00,5.779071619047870811e+00,1.040242444475122596e+00,-3.201407040099110812e+00,-3.041443275453786788e-01,3.484101074548466404e+00,2.359023352264411066e-01,6.419794380543066836e+00,-1.992497257333288418e+00,-1.494931754427217596e+00,-3.156855128702288571e+00,4.396558107839691587e+00,7.366929202632449547e-01,-6.789940475136111431e+00,-7.402779661417756785e+00,-2.819800914812917281e+00,-2.774837205151582165e+00,-1.114468382866497187e+00,-2.534624035734272418e+00,8.938054864083520457e+00,-4.331502426359104874e+00,-9.986543864453807373e+00,7.171197151809469705e-01,3.415318386671462481e+00,3.333295052913778367e+00,4.816990514677537139e-01,2.876054882454754380e-01,2.974784573787124131e+00,1.324020792915023215e+01,-7.038565070241617150e+00,-9.524201576323229057e-01,1.966090956209298080e+00,6.000000000000000000e+02,1.000000000000000000e+00,6.123233995736766036e-17
8.972435938330909633e-02,-5.886501197143959585e-01,5.514430493457909976e-02,2.448466065587900087e-01,2.343747140150710118e-01,-1.978926698553189922e+00,-1.252462918150140103e+00,-9.002069231018350326e-02,3.997761521057949796e-01,5.350288463030540287e-01,2.169861701208140037e+00,1.971826955291799965e+00,2.182796293443959867e-01,2.921861517526040064e+00,1.168161690810400000e+00,-4.947448582987760135e-01,3.742453882242640084e+00,-2.504721089906910003e-01,7.206163280855679698e-01,-4.600376894870419897e-01,2.374357488774450076e+00,2.361152723073510096e+00,-2.081344971292840018e+00,-9.204323608771709520e-01,9.319429697134380408e-01,5.441483290783100113e-01,1.147056646475590025e+00,1.545244128543050044e+00,2.901155173415769783e-01,-4.880036383956630197e-01,1.055367638285579890e+00,3.406077362848860091e+00,-5.270182666630800483e-01,1.429773620943890045e+00,-4.742685155540740105e-01,1.575781232023029943e-01,-8.164491537086430162e-01,-8.540933072066879683e-01,-7.596521400942669588e-01,3.329877868515049855e+00,2.655291811364892229e+00,-1.297781464704244314e+01,-2.126321991451399551e+00,1.635335707235914260e+00,2.429927559410856919e+00,3.353707911055647806e-01,3.633344500825454571e+00,7.682705751814918216e+00,4.915050717711379136e+00,8.580078485574542668e+00,-3.021248971684518558e+00,1.824947210117701779e+00,1.994653805858942475e+00,7.973407151427370776e-01,-5.093074864635530830e+00,3.289324954508624721e+00,-4.752833134251394753e+00,1.313097546263472193e+00,4.890237551784923919e-01,-2.567139565168010118e-01,5.123329763263003045e+00,-6.800921461805277346e+00,-1.722660391506797062e+00,-3.362582656917427304e+00,2.178228603612672121e+00,-3.879997869929928012e+00,1.449784777663831958e+00,1.394524394067429540e+01,-3.089948671351600673e+00,-1.244459378479577660e+00,7.876137098447523854e+00,2.525370719431771604e+00,5.745736631440234277e+00,6.685330462800673779e-01,-1.270063123864650922e+00,-8.800767092925431134e-01,3.054866706315328084e+00,-1.039113574381772986e+00,1.231466828376072087e+01,-1.072256411956419520e+00,-1.215684327508604445e+00,-3.005993178204999339e+00,5.839483699542045159e+00,1.376022596138126719e+00,-8.417449366263939581e+00,-9.071139947842326023e+00,-3.601444571524413440e+00,1.869581081682632373e+00,1.408685937326213722e+00,-3.561549046824969977e+00,2.251446952365114385e+01,-2.100035331578125941e+00,-1.090252309502230865e+01,5.001768158834036804e+00,1.255441233783898047e+00,1.214778036634760028e+00,-1.100371753273378994e+00,3.055771945860208394e+00,4.801178855132103962e+00,1.516421760548771935e+01,-5.918413558093664761e+00,-1.558960572667170918e+00,3.256513859484949869e+00,5.000000000000000000e+02,8.660254037844388186e-01,-4.999999999999997780e-01
5.751929064076839460e-01,-8.343119483785159385e-02,-4.223265874924960195e-01,-1.949471469240739996e-01,3.437007605227990203e-01,-1.996178009582100010e+00,-1.178805958958140110e+00,-1.717518459546309995e-01,2.629676357665060027e-01,6.095210688537050503e-01,2.146903605328020159e+00,2.470264395488010134e+00,3.489830571430709849e-01,4.382726226605869968e+00,1.523920843710639961e+00,-7.404177292586719972e-01,3.899329483136800167e+00,6.547690449739350382e-02,9.474463909035739650e-01,-3.941463872953970271e-01,3.549171934432940212e+00,2.785650116500889784e+00,-1.907581183192500029e+00,-7.001584114154080218e-01,1.098974483702070071e+00,-3.652505408359270067e-01,1.747256310001729984e+00,1.471912279242179933e+00,4.858073071654330222e-01,-3.931342892060730176e-01,9.852670846172459918e-01,3.640403782903640195e+00,-5.481017616631570499e-01,1.511627739803210080e+00,-4.212670149789520257e-01,-3.207557269820149881e-01,-5.971043925306459554e-01,-3.575955523402419844e-01,-8.033174173464679990e-01,4.115769703028419713e+00,2.027849728931741424e+00,-1.585432725187156500e+01,-3.461717551228815193e+00,2.374930749007408970e+00,1.146625835965616513e+00,-8.341733133838011849e-01,7.639795512493417817e+00,7.103762619042404580e+00,7.458337553632773620e+00,6.409938524179897179e+00,-2.931464380710530726e+00,1.635090141218910276e+00,1.417194830550704499e+00,-1.893171719960958788e+00,-4.794914355783775228e+00,7.725218161936142636e-01,-4.488403050399191407e+00,-7.475382876876797145e-01,9.588828524026259403e-01,-1.273588980015585514e+00,5.144009411266490694e+00,-5.533708024131045455e+00,4.385708238728817099e-01,-2.538799267979894303e+00,2.752174823205051357e+00,-3.849880785926484528e+00,9.905870383132936441e-01,1.310594289571408311e+01,-3.340653062542426444e+00,-8.735674170075717893e-01,8.824413990658950269e+00,2.157177966062492569e+00,5.960621423050540102e+00,1.885847892223013744e-03,-2.841198183518662823e-01,-1.053325564930901681e+00,3.334863208696788206e+00,1.476993620936946527e+00,1.546592156797726858e+01,-6.709982565981734703e-01,-1.843057526358374831e+00,-2.080770519097201898e+00,5.744704155817408342e+00,1.503625817892050964e+00,-8.467895995650602359e+00,-1.071818533145983210e+01,-4.690210270342286769e+00,4.220784999251367964e+00,2.077636218457902473e+00,-2.555069191006227314e+00,2.642554431325985931e+01,-1.746910064993354883e+00,-9.567352056974124608e+00,5.658808912119941859e+00,1.787544920563274076e+00,2.547188176479135535e+00,-5.700411285130965178e-01,4.120656649154569529e+00,5.182838204614075295e+00,1.235453893818199589e+01,-5.850457136563200322e+00,-2.005904483206827127e+00,5.787840031737176538e+00,4.000000000000000000e+02,7.071067811865472397e-01,-7.071067811865477948e-01
9.789344663694200532e-01,7.660496650870489421e-02,-4.421744230842080126e-01,3.978654612830149762e-01,4.037469286020550219e-01,-1.923215598645839908e+00,-1.424189693839819970e+00,-3.449497630695930184e-01,5.717494919584849983e-02,5.084252959475860090e-01,1.957993620592300088e+00,3.371340702536960166e+00,-1.645433708436689901e-01,5.497609226136550120e+00,2.687416716747999867e+00,-5.282011501972539991e-01,3.917365373908999970e+00,3.445965926729089857e-01,1.475096965931169901e+00,-4.776012166515120061e-01,4.579024490880500231e+00,3.965283884573449935e+00,-2.025454819940669893e+00,-1.167719287911610060e+00,9.743389743808450465e-01,-5.521900138220710019e-01,3.064067396876089866e+00,1.120311984629640101e+00,6.352548854248950549e-01,2.959272802530070190e-01,6.756959818114099958e-01,3.273176811466960157e+00,-1.285952960102350051e+00,1.594927563334129994e+00,-5.197060195297550367e-01,-4.770115823770860186e-01,-7.657959951106699803e-01,-1.352077545890600085e-01,1.472608046175049867e-01,4.324247599530369968e+00,1.613921146061188416e+00,-1.641217028955227164e+01,-4.279700404574816375e+00,3.525484395624557621e+00,1.560302362400772358e+00,6.851762694769835127e-01,1.447988661731656634e+01,6.059663023759624068e+00,8.531414474747695209e+00,4.584301300317795480e+00,-3.661710616373836658e+00,1.696675486289568324e+00,1.028310868514142884e+00,-5.684134325401359877e-01,-2.205083212154791639e+00,-4.663175441063638349e-01,-2.204737701383745030e+00,-3.429622726469785388e+00,2.751569766621655866e+00,-2.168437350329344593e+00,5.461835830891624610e+00,-5.587322861523206896e+00,3.000619903047604953e-01,-3.336218992930435334e+00,3.221599216188654857e+00,-2.149371241690753997e+00,-6.893015954135788270e-01,1.232595022229402382e+01,-3.092073797512897571e+00,-8.636001827931741870e-01,8.990504965965619988e+00,3.366176690634254953e+00,6.794419374328430905e+00,-6.208121386535674358e-01,1.253119381227937978e+00,-1.958458317802973969e+00,1.572321006290466228e+00,5.714059361013279492e-01,1.732299145211098335e+01,-1.527347153922783418e+00,-1.658075649477755986e+00,-2.082835386528113286e+00,5.823096780207205114e+00,1.723527169432039319e+00,-8.855497922784232756e+00,-1.167065784293160036e+01,-3.851903181779539054e+00,3.155632473234447843e+00,1.937330361421632841e+00,1.683972078248507476e+00,2.923485854921109350e+01,-1.827921967429046113e+00,-9.924290185061522607e+00,5.218963904184407809e+00,3.174056312570030070e+00,1.561128005012750952e+00,-7.445245433067225749e-01,5.352323327755653892e+00,5.548116112114760412e+00,8.130445613666301696e+00,-5.690294931949708257e+00,-1.328836534289268956e+00,7.391722201415028337e+00,3.000000000000000000e+02,4.999999999999998890e-01,-8.660254037844387076e-01
3.682615594812519877e+00,1.623005615253130030e+00,-4.758881911891469918e-01,1.013929813898730048e+00,9.846321207539300291e-01,-5.238350199205600299e-01,-2.159845419162460090e+00,-1.679321484682950061e+00,2.522965324932309739e-01,5.494632505841789971e-01,1.017658645934689909e+00,5.119496730560720188e+00,-3.469311790789559868e-01,6.328089402683129805e+00,3.131034826633280144e+00,-3.131231913585170168e-01,2.171137083683309932e+00,1.791964884629720034e+00,1.609519762380239971e+00,6.350708428009430029e-02,6.487079800595870083e+00,5.892909111621190021e+00,-2.924466523876629864e+00,-1.700291846338529922e+00,-2.975888531514350177e-01,-2.244610230361809844e+00,5.360937692152750067e+00,6.887434265168530523e-01,1.371474815665119973e+00,-1.529293578533179876e-01,5.274566845258550352e-01,1.302703150505390095e+00,-1.279408055619779994e+00,6.237298544444810355e-01,-8.176302150056149465e-01,-3.804061726605800220e-01,-9.780824073248589601e-01,1.508514405636899980e+00,3.107053003073410036e-01,2.923470828368030183e+00,3.170619946943345369e+00,-1.592236688773809661e+01,-1.055791877445008353e+01,9.871270050536294249e+00,2.758237101340155206e+00,1.360793782966589038e+00,2.836544764683297615e+01,4.079071207769570329e+00,8.290105980040166855e+00,2.477990040019215190e+00,-7.781168419378220458e-01,-4.032740014162721209e+00,-1.467489734989201100e+00,-6.667295540031959789e+00,3.896624734803268986e-01,2.437014886644835343e+00,-4.555079907757879631e+00,-3.590266511735248578e+00,2.687236763163669551e-01,-1.563788703422424042e+00,7.565350083257552427e+00,-9.362440194662246640e+00,3.263615241101214703e+00,-2.984072790997506885e+00,2.975404922740214175e+00,-4.906368495298801591e+00,-3.210506456508227746e+00,9.578941329167292906e+00,-2.052669451181909466e+00,-1.248989987961429460e+00,8.535925753554895579e+00,-1.748346448857604596e+00,6.444616318126840326e+00,9.624304151885890724e-01,7.496242949018112611e+00,-2.550501427499509255e+00,-5.030864947298433698e+00,-1.055511762692167288e+00,2.650674370172580296e+01,2.485807851580676964e-01,-1.151721764522875557e-01,-1.562759510313966205e+00,3.205842893653561454e+00,-4.697358490563530720e-01,-4.726692045635137340e+00,-1.209501810860137816e+01,-5.667921744213397339e+00,3.489384660884579770e+00,1.586754976032400233e+00,1.680665755148154972e+01,3.523826420115061353e+01,7.742547793930010247e-02,-1.250327256231126682e+01,4.915134368486111072e+00,2.329063191829513269e+00,-8.018036561455855749e-01,-7.015999351695424713e-02,1.334477710356299518e+01,7.451656975526362636e+00,-2.720561068151863715e+00,-1.749875431556214167e+00,-2.662338115618195999e+00,1.639201472560999306e+01,5.000000000000000000e+01,1.224646799147353207e-16,-1.000000000000000000e+00
1.266444709244320066e+00,1.792749650157459962e-01,-1.431975237469169937e-01,8.117879756647570222e-01,3.930905729932550052e-01,-1.405535548826930103e+00,-1.249137747972469903e+00,-2.622799167953709931e-01,-2.722218253259000020e-01,5.472278356563979873e-01,2.639691270478349949e+00,3.115151755601810013e+00,-1.910829205257550123e-01,5.423387915285919902e+00,2.309003540507979846e+00,-1.344299324492120029e-01,3.370747126901020074e+00,3.939522653158469834e-01,1.232595387459709979e+00,2.513686887222000080e-02,4.325751425288640206e+00,3.582223268176070174e+00,-2.432340116026619814e+00,-1.031214548231150108e+00,9.045980098987239648e-01,-8.281854189108059927e-01,2.724857870517209957e+00,1.692863671565800088e+00,6.052641129736150427e-01,-4.180322598072629958e-01,4.654844984726099755e-01,3.456855937398739975e+00,-9.724564387338510141e-01,1.428314685469370016e+00,-2.827019778945650264e-01,-5.018194080968899629e-01,-5.880408726018949706e-01,2.671178864970419897e-01,2.206457519114229937e-01,3.954524938225210118e+00,3.849234706294636599e+00,-1.282179649291455625e+01,-5.239413735397574712e+00,3.379252417522839558e+00,1.217776565702253233e+00,1.981194548755775831e+00,1.280208881689309663e+01,4.949045977214186820e+00,6.491845216030379007e+00,8.463059416412736624e+00,-2.079374040166850346e+00,3.839406688654256605e-02,1.633466754901335971e-01,-7.408495205518447202e-01,-1.636439008405004669e+00,1.313623696180386657e+00,-2.375062080205500692e+00,-9.647685835358503770e-01,4.202982759754738118e-01,-1.250567124692296694e+00,3.353368821733778038e+00,-7.234326282583417367e+00,2.395821761675172579e-01,8.871676351388171899e-02,2.707027368192600925e+00,-4.054165603268371498e+00,-9.114854849323639208e-01,1.170178570569461129e+01,-2.554561692189337929e+00,5.050121972296484074e+00,8.914672292007836063e+00,1.730013241165342164e+00,7.315321525810876579e+00,7.466799003790464129e-01,3.009398976577618789e+00,-2.517344414699636879e+00,2.485144162089433006e+00,-2.351121095752728429e+00,1.768181960717385692e+01,-1.992174055143022260e+00,-9.528316813967072640e-01,-1.168490285845859455e+00,3.874624861808021237e+00,1.666070508346143786e+00,-6.896952760435944185e+00,-1.281532771925687442e+01,-4.383082207062025226e+00,5.591650070285613339e+00,-4.295577708860778277e-01,8.037125424491611270e-01,2.874350201122179271e+01,-9.522648528902800669e-01,-1.185071629442266961e+01,4.297133997312801768e+00,6.459867197394295601e-01,1.030256493311188182e+00,-2.959771874598273733e-01,4.673737528877797587e+00,3.510131965418386013e+00,1.104033028589289245e+01,-4.686041736827112558e+00,-1.108056319081256458e+00,5.440402997526138762e+00,5.000000000000000000e+02,8.660254037844388186e-01,-4.999999999999997780e-01
-1.339940007350730045e-01,-1.566990391692489881e-01,1.290333956037459928e-01,1.456518658248779907e-01,6.435580445464300636e-02,-1.933089027666549997e+00,-8.001325507201959564e-01,-1.137824741658329947e-01,-1.830028049673700086e-01,3.674484078732079828e-01,2.713036040519519965e+00,1.810000674799240095e+00,1.024554861611910034e-01,1.692289673564530084e+00,4.046722428508530145e-01,-1.421954096772299891e-01,3.807732109880849869e+00,1.774562267564490092e-01,6.543460985393629858e-01,2.404485628486460053e-02,-6.740490614019180038e-01,1.944940799263850106e+00,-2.469992138100399970e+00,-1.292093101649030018e+00,-4.555986418752889788e-01,3.104527167462459936e+00,6.239925282402519757e-01,-4.375236904435779728e-01,-1.126402866905250044e-01,-4.867245298189880054e-01,-1.752309382560779949e-01,2.219846751417810182e+00,-2.374288749993209990e-01,1.060365352789500060e+00,-2.498335121978519924e-01,-3.592616262438240171e-01,-2.231329093027289989e-01,-3.883595629190749743e-01,1.164501256568619914e+00,3.082393282068410123e+00,7.140282506661070450e+00,-9.993381244519110140e+00,3.357112549291437986e+00,-1.267661200981067549e-01,1.100218921707236452e+00,2.758672949820785369e+00,2.173946327910852627e+00,6.047240791056008646e+00,5.866736620456066476e+00,9.332133657382803094e+00,-1.825091166956727129e+00,3.462934547480507330e+00,3.242814014707469994e+00,8.208466071293983646e+00,-1.708481692102493676e+00,-1.914261741760535651e-01,-3.749980485925445972e+00,-3.417528880546782055e+00,7.836612633752559898e-01,-1.382329576151916317e+00,9.700102330915894022e-01,-5.520333789666552526e+00,-1.343620900207798563e+00,-2.542859985121406652e+00,8.272012773174520106e+00,-4.121903987541484682e+00,-2.812693830714804832e+00,5.609230283913550608e+00,-2.196985196370865534e+00,4.161210972567143784e+00,3.874749920886092713e+00,-4.062685871553911587e-02,5.038226378294108798e+00,1.422179844793105330e+00,-8.468858161672249141e-01,-4.323531379451545087e-01,6.079608269002866550e+00,-3.389980654660472048e+00,-1.137013686294217729e+00,-1.732083975648975205e+00,-1.946019069222222342e+00,-3.869735251651368335e-01,5.107014551919144552e+00,6.234611053522026936e+00,-6.541910883144941735e+00,1.274227278435916944e+01,-7.201445003961624014e-01,3.158727006619387545e+00,1.841050312010053425e+00,-2.564430077744974223e+00,1.922320439980026663e+01,-2.543628688066022825e+00,-1.182146985553867324e+01,5.019515180426790124e+00,-1.414138967514790846e-01,7.138521798495647275e-01,1.146060078515855229e+00,1.579010422426824434e+00,2.092893856958611742e+00,8.367560540281926862e+00,-7.511823665978560882e+00,-6.025590399135818398e-01,2.370138801235825987e+00,5.000000000000000000e+02,8.314696123025452357e-01,-5.555702330196022887e-01
-5.916106496599079501e-01,-1.441064584868720078e-01,3.065080020590369991e-01,-1.219026896113929892e+00,-4.863399269626009769e-01,-2.273901172070849963e+00,-1.314328628299499924e+00,-2.029023065910020018e-01,-1.945274234188109908e-01,1.624909572203220021e-01,2.666659682773090179e+00,1.078702321326280078e+00,1.995204597622310047e-02,1.526537314101340082e+00,-1.115576609084840021e+00,2.625959516325130153e-02,3.829400202740159909e+00,-1.965753637625070049e-01,5.466914074446690419e-01,2.317480584452739911e-01,-4.250776560870909992e-02,1.775242325176219937e+00,-3.002535354051900196e+00,-9.686940824360480429e-01,3.692130888396810140e-01,2.260763517144940060e+00,-3.515659866094070218e-01,-6.681789228613990161e-01,-3.332212324239239853e-01,-3.814286353656219930e-01,1.109289463878199988e-01,2.187113355047099805e+00,1.214980078077199932e-01,8.210333278272640145e-01,-6.444214541668620289e-01,-8.552096044809830433e-01,-3.699936117313279982e-01,-1.097939046993329892e+00,4.956173594300640195e-01,2.562179368851539962e+00,4.387767147283582858e+00,-9.640415527705489040e+00,6.092178253517344544e+00,3.370847395686581427e-01,3.334840048021105119e+00,4.864766918524948691e-01,-7.699912997791680258e-01,9.585501552089276345e+00,6.688350858796201948e+00,9.571131726778396853e+00,-2.693429206503572981e+00,2.929208436710051267e+00,3.805546608646126483e+00,1.375445772232091990e+01,-2.112112387002041292e+00,7.892427869497977699e-01,-1.702091202811249371e+00,-2.617214450280539229e+00,2.595138540034626740e+00,-7.230768703066334790e-01,2.019681739155800848e+00,-6.544094778713187566e+00,-5.188933118891212004e+00,7.557203514993144911e-01,2.310594785545225349e+00,-3.195143857199663984e+00,-2.383739162706917103e+00,4.462023640477689845e+00,-3.078489958333114451e+00,3.229222306773679718e-01,4.212674769005002595e+00,-2.998032475822715037e-01,4.825771215367188560e+00,-3.203416169442537820e-01,-2.038404771545152094e+00,-3.619990950482254721e-02,6.748873362852741309e+00,-2.836739613856331665e+00,-2.285508129231125091e-02,-1.410188510594158284e+00,-2.623823819318997774e+00,1.458580322634876469e-01,4.777218719084553200e+00,2.788864254110983598e+00,-7.687394539590702180e+00,7.351670622779895581e+00,-8.481194184327133234e-01,-4.926276660631224713e-01,3.359471729462869316e+00,-2.466035408386037631e+00,1.722303064089911828e+01,-3.849938270793187289e+00,-1.320625878529853026e+01,4.583911936404248877e+00,-8.674573703165481264e-01,-1.556145043192394217e+00,1.124271617745867591e+00,1.649575087603007972e+00,2.075916935831468191e+00,7.778736061069723817e+00,-8.106785177917597451e+00,-6.414256957402900694e-01,1.547517433652645380e+00,5.000000000000000000e+02,7.933533402912349430e-01,-6.087614290087209890e-01
-5.175105190804260014e-01,-1.624777578877840134e-01,3.578599439670340221e-01,-7.531241147142729853e-01,-7.207034368610809594e-01,-2.187906752443879999e+00,-1.346985954771330096e+00,-1.484300358035539891e-01,2.159143128906179931e-01,5.159760490287960133e-01,2.522984547639059993e+00,1.149033699826149890e+00,8.922485607313369871e-02,1.979031049523529928e+00,-1.680828449301839944e-01,-1.443041569245460121e-01,4.132790351508900173e+00,-1.232465491310869993e-01,5.747403766410229542e-01,-2.984564893054749909e-02,4.495659388932150002e-01,1.544005759144990053e+00,-2.669580905471860000e+00,-9.612384831861180423e-01,9.608202193028160254e-01,1.324256685178359927e+00,-1.696231040695609926e-01,-2.619943095089919960e-01,-2.653879927559120167e-01,-1.335384473365079927e-01,-5.027603506379829668e-02,2.699930608244490049e+00,2.574096318134129757e-01,1.061865406758929931e+00,-6.496814963651349473e-01,-7.571712196568820552e-01,-4.112083627161600141e-01,-1.019009301889429953e+00,-1.697627219327750014e-01,2.893272652525309852e+00,2.802804899334353728e+00,-1.099727910165328737e+01,5.697861481160140684e+00,1.524157516347350416e+00,2.802639692251724934e+00,8.953512203647899792e-01,-3.097375512599869207e-01,8.570090586864088422e+00,6.929698883234553186e+00,1.029306048792062711e+01,-2.722347337152719149e+00,2.195624249616537682e+00,2.855047607431509427e+00,1.157139182154042345e+01,-3.119589829668418357e+00,1.226740541268551921e+00,-3.000570775940601287e+00,-2.753444953300862252e+00,4.485133643507178691e-01,-1.041858923968532302e+00,1.550347849233644437e+00,-8.641941065936000754e+00,-4.182974892765834340e+00,-5.072517505957447881e-01,2.695387958102372306e+00,-3.730611923688960552e+00,-2.272199859912862330e+00,7.833483253052730078e+00,-2.932082807533768154e+00,1.185956972587928870e+00,4.198161450430061947e+00,-6.172830997964324773e-01,6.441734285361013335e+00,-2.525760916683852386e+00,-2.433778215539978973e+00,-5.582333956900165095e-01,6.240483539140836200e+00,-2.607915225787816649e+00,3.973071403446844840e+00,-1.003762534312963473e+00,-3.184139013806109197e+00,-2.977767848232096837e-01,5.101528271234212930e+00,1.891203881518907504e-02,-7.492479982386008430e+00,-1.631411212625303531e+00,-2.479272296775373530e+00,-8.991604728030991867e-01,2.581997601363321237e+00,-2.478019147632777752e+00,1.836988484807273636e+01,-2.845792981572571101e+00,-1.351207582435772814e+01,5.330739209303376747e+00,8.089632893248359657e-01,-1.173286894848563300e+00,8.421828978844021485e-01,7.691503923161329137e-01,1.106050857549260469e+00,8.969855400356554043e+00,-7.288578535685747539e+00,-7.968382661172090931e-01,1.056705954958228721e+00,5.000000000000000000e+02,7.071067811865472397e-01,-7.071067811865477948e-01
4.961235558794619971e-01,5.023206782606400023e-02,-3.249089540652689845e-01,-6.515631957860970047e-01,-1.132154148676050021e-01,1.336114474606109881e-01,-1.205328041885749935e+00,-5.251578268643970482e-01,2.686864031987910018e-01,6.408533899395879585e-01,2.392803609896999806e+00,4.006572403987820330e+00,-8.587303794741700524e-02,6.114725694664030264e+00,1.883366831625389981e+00,-5.411892660075290351e-01,3.645117006767589984e+00,4.219790856764960019e-01,1.504618594765279926e+00,5.618352680880910055e-02,4.901509092271400192e+00,3.383326463951100038e+00,-3.272158390951009910e+00,-6.570108713595710359e-01,-1.589118692138329902e-01,-2.939697563421109994e+00,2.706422514605680174e+00,1.554745564879739916e+00,3.313537348205280314e-02,-1.757233484967629933e-01,8.375107482404700043e-01,4.033240368077620097e+00,-8.981704394067250297e-01,1.318316665655189901e+00,-6.248845847529910236e-01,-5.901562328273649571e-01,-6.938907236171040216e-01,-8.601075861006779455e-01,-6.853727873954710281e-01,4.074282175589160282e+00,-2.252812154996394201e-01,-2.000256571712377252e+01,-3.286208452743765385e+00,4.306937720738319264e+00,2.703553549813861423e+00,4.808573632755082095e-01,1.264919134149102753e+01,6.061978073462065630e+00,6.972803286487559760e+00,8.510218236900774613e+00,-3.199078416080171294e+00,-1.340524920637677919e+00,7.391670934329614973e-01,2.024595236350855920e+00,-4.673802029533341340e+00,2.037188805402804448e+00,-4.462655570745742040e+00,-3.763713279795807054e+00,-3.167135869312864838e-02,-5.839180700075616848e-01,6.747348416801422388e+00,-1.582026518493274381e+01,1.502355241186062784e+00,-2.578241599962675323e+00,8.389670234686341654e-01,-4.275297041122629871e+00,4.758976267737756172e-01,1.176786397349077973e+01,-4.325407946514346236e+00,1.136915241622644235e+00,9.904094027708957526e+00,-1.887978936188091428e+00,7.003904017689281503e+00,-2.275783256441000102e+00,1.701887322290850602e+00,-2.875378220114316541e+00,1.107320223185381813e+00,-1.756169025078710089e+00,3.009847028592020379e+01,-1.035984814282414845e+00,-2.834679243820476202e+00,-1.692841619709673173e+00,5.551670899878510923e+00,-3.174570141697835801e+00,-8.398818718972805186e+00,-1.676312560134896046e+01,-1.871902634513194386e+00,4.614259183799614306e+00,3.597475070825419508e+00,3.531697029898367646e+00,3.071816106056332529e+01,-1.851743143366447519e+00,-1.581925402049429863e+01,3.513222513894240784e+00,3.231663747323511249e+00,2.105314266669267909e+00,8.192985177211429271e-01,6.555950260922472239e+00,4.765719681613573400e+00,9.562037800707704704e+00,1.356955429196679441e+00,-1.028923868657563911e+00,5.385008535732620949e+00,5.000000000000000000e+01,6.593458151000689549e-01,-7.518398074789772734e-01
1.201758919996269936e+00,3.337638659395110174e-01,7.526703439777700233e-02,5.293650072541320473e-01,-2.183607382715380130e-01,-4.172920174360710277e-01,-1.039568830649560072e+00,-5.887882986824259923e-01,1.486870051982130125e-01,7.155253332696509538e-01,2.129310258577799875e+00,3.814849443916739968e+00,-2.102646601382620051e-01,6.383335436660409812e+00,2.033067332219350209e+00,-5.862886916167370233e-01,3.608575577535630075e+00,8.258093423261959609e-01,1.346627045545649937e+00,1.703338102217130112e-01,5.242849098532420093e+00,3.892186014669599903e+00,-2.338432224053689890e+00,-8.974777917293359497e-01,2.317548037254509863e-01,-2.204585737718399940e+00,3.584193883069640041e+00,1.775343994904079903e+00,6.541740686060060206e-01,3.058174812944519996e-02,1.546151756354549878e-01,3.245806022837550042e+00,-1.352950006040110065e+00,1.406606379129740070e+00,-4.549838892002689983e-01,-9.435986851619749816e-01,-7.724336655634259641e-01,-3.860838311109059812e-02,-2.958127802556699826e-01,4.174836980430930211e+00,5.735743840646825298e-01,-1.982640195461571153e+01,-6.702305309447465831e+00,9.868314399593234310e-01,2.016426238408067562e+00,3.686378721116455814e+00,1.830007184258375474e+01,5.603778277944733155e+00,7.126630590049192193e+00,6.194889235216772150e+00,-3.036756689918688412e+00,-7.297217873459402870e-01,2.732464006711841642e-01,-3.524340728719494109e+00,-1.880575209123586111e+00,1.571221637477140387e-01,-1.016070778267996300e+00,-7.490353831623567382e-01,1.329005233047562351e+00,-3.936215113240476571e-01,6.791530028452291035e+00,-1.172642020077844194e+01,3.119041929015427428e+00,4.642037201472565822e-01,1.903890955293520981e-01,-4.468811279260905600e+00,-1.473952171554859358e+00,1.201740335509233404e+01,-4.203643610956401488e+00,-3.653483844066818254e-01,1.040886953546147176e+01,-1.633568786514315141e+00,6.922052220480665596e+00,-2.086820131019655911e+00,2.876894238761450673e+00,-2.741172127897342659e+00,-1.474879015974107865e+00,-1.367552079940298704e+00,2.718005351696129424e+01,-1.224220049485616579e+00,-2.194844731345736655e+00,-1.443008615124520277e+00,5.265436366656297551e+00,-1.861267122426012444e+00,-8.090857959169651892e+00,-1.642138878354447584e+01,-4.961095314570318493e+00,5.361665638549867552e+00,1.382518577051339292e+00,5.492392009416988685e+00,3.172876046650246451e+01,-1.967055784800405327e+00,-1.143298766724194948e+01,3.104812670767195470e+00,3.419845775224351847e+00,3.169577578521900918e+00,1.209591697152961332e-01,6.902790918552189403e+00,4.834145686901886840e+00,9.848274370385208698e+00,-7.828960853940857278e-01,-1.927144146114744938e+00,7.114806488257386263e+00,5.000000000000000000e+01,6.087614290087208779e-01,-7.933533402912350541e-01
1.299395180849389986e+00,1.875146792014600050e-01,-2.453052002033919987e-01,1.371615076225909946e-01,1.397948300798139976e-01,-1.519357582756039937e+00,-1.333068936056819975e+00,-5.918374801319590262e-01,2.168014887632910004e-01,5.645835054637099448e-01,1.641099730781290011e+00,3.748490738522220145e+00,-5.692859074292510035e-01,5.770917751287999664e+00,2.307896329916399925e+00,-7.495408665908269708e-01,3.401886876230840073e+00,7.171582480543809979e-01,1.366079590983870107e+00,-4.498935078758189987e-02,4.819328403776549585e+00,4.189225480635539789e+00,-2.139081177856219984e+00,-9.566806416089830289e-01,7.194370494825950146e-01,-1.197808075037710029e+00,4.040613784986529566e+00,1.528020702506589945e+00,6.585867286384180508e-01,-3.899852424617599733e-01,6.047054916061940233e-01,2.275985328008499842e+00,-1.031452024547119928e+00,1.460465591035680077e+00,-5.743792850692619467e-01,-4.301372869001420240e-01,-7.316595348798989873e-01,4.726860268725920078e-02,1.775445816831200119e-01,3.619177031609909889e+00,2.066295658814280234e+00,-1.560787067775319237e+01,-6.648800457474356662e+00,4.312314118363651971e+00,2.577972729943532659e+00,3.870697583733698544e+00,1.959124696540217414e+01,4.350220832208272270e+00,7.421933117686172920e+00,4.142588040990056619e+00,-2.188529986019681850e+00,-1.364870522144036480e+00,-2.629280051029264653e-02,-1.295660890250417863e+00,-9.692991516259404916e-01,-4.714657962674193570e-01,-1.260376940469609908e+00,-2.998077524821992634e-01,-8.378082935607047421e-01,-3.110662694938550188e-01,5.607642508951695248e+00,-6.865847326504659343e+00,1.131153749289359745e-02,-2.705512676506791614e+00,6.800005168431377811e-01,-1.480687777697395902e+00,-6.995673550110612648e-01,9.413373578720593216e+00,-2.883852165649301469e+00,6.386689312843611965e-01,7.924301550797789417e+00,1.854288377965474521e-01,5.770225216735529905e+00,-1.055683757483066421e+00,3.170485843572247830e+00,-2.878448604693500723e+00,-1.570646243381389473e+00,-2.417043714750306549e+00,1.899061588341353257e+01,-1.374543081693898161e+00,-1.112381340767223614e+00,-1.084119757286325481e+00,4.845701553921427873e+00,2.947562682163262227e-01,-7.240091266233652512e+00,-1.343110786500756326e+01,-5.193471593818495435e+00,3.261721160258320484e+00,4.383639784447444399e+00,6.216315574232803343e+00,3.074498446094229820e+01,-1.573315556447649977e+00,-1.129039881526478695e+01,4.471651433737565462e+00,1.303135791534811627e+00,1.530774076180213772e+00,2.217877865731344156e-01,6.214946725686520956e+00,3.982993473166066778e+00,8.205118355285327070e+00,-5.506343123015566832e+00,-1.829981279210435963e+00,6.003171502660462622e+00,5.000000000000000000e+01,4.999999999999998890e-01,-8.660254037844387076e-01
-1.903087296535150019e-01,-3.518719926976969781e-01,2.904275009638350100e-02,-4.771411381921220052e-01,3.728574911190170038e-01,-1.801712021510190054e+00,-1.260703990190809920e+00,5.379465750018379983e-02,5.657301198689630439e-01,8.098475997866629861e-01,2.115130804002439913e+00,1.495685527017770022e+00,5.508697937712959680e-01,2.502617425048899946e+00,1.477698232301680070e+00,-4.130421183080810188e-01,3.514061791193470174e+00,-1.459321801865360035e-01,1.209848942338360045e+00,-3.702089372433929881e-01,2.115707597798250017e+00,1.971907197449739968e+00,-1.701405047905109935e+00,-7.830151722538150061e-01,1.241183128714880013e+00,-1.680000453359520030e-01,1.411001309709200013e+00,1.698874855739249901e+00,-1.641504288691839897e-01,-1.647233597030899888e-01,8.494228631376440353e-01,3.513271763314119944e+00,-4.908697135700950120e-01,1.529929208975810084e+00,-5.588097672719279929e-01,-6.690859137824910208e-02,-7.403814051816739461e-01,-8.314380601529219872e-01,-4.128424518363800200e-01,3.129796451837850046e+00,2.203894597927746446e+00,-1.238866731241986230e+01,-1.525667505431830273e+00,1.790151350733812485e+00,3.315887375040751817e+00,1.199269196628929057e+00,3.230801375495790495e+00,6.412841179525385016e+00,5.152453822753205515e+00,8.584825296849306397e+00,-3.232433546936496427e+00,2.779806243639566965e+00,2.275295713132763353e+00,2.862183188836420200e+00,-4.705429481104234313e+00,6.473490058382826984e-01,-4.924897354029891261e+00,4.567729707150774976e-01,3.318287279276214363e+00,-7.782588451301508670e-01,6.205462512993183744e+00,-5.570312033769995175e+00,-3.348870879531293809e+00,-4.953545469741732488e-01,3.051837781685078355e+00,-3.547581905277747083e+00,1.662490206658721714e+00,1.428677133969725688e+01,-4.421777822501046451e+00,-1.109146816500867327e+00,7.531996410038992451e+00,3.459332587203646225e-01,5.897596920658822128e+00,2.840727617307435171e+00,-2.149810731326657010e+00,1.193354979964077467e+00,2.404089401930711745e+00,-5.128874761431634344e-01,1.324671862459274685e+01,-8.270081232874503252e-01,-9.638007609241545648e-01,-2.620790461623584200e+00,4.985997463390345885e+00,1.871130863036753578e+00,-8.922609991028116028e+00,-1.081759128293869665e+01,-2.708956534852745790e+00,1.537784718028342823e+00,-1.136165291493199225e+00,-4.121778459549248375e+00,2.043276466416850923e+01,-3.215342007098039634e+00,-1.078474745002688451e+01,1.835040429536737516e+00,5.090457682173388232e-01,-4.961258118002537243e-01,-1.098228383872788871e+00,2.363790928247716305e+00,4.078891199232958620e+00,1.620692167896277525e+01,-5.933404524760534926e+00,-1.426824834455304281e+00,4.013103766530528915e+00,5.000000000000000000e+01,8.660254037844388186e-01,-4.999999999999997780e-01
1.369182295718019970e+00,1.081760860233910021e-01,-4.363460299625089855e-01,-2.452011346464129937e-01,1.022633653581080049e+00,-1.379818370362370095e-01,-1.332773838564349944e+00,-5.843867272500820054e-01,2.049656905461300083e-01,6.900481250357819452e-01,2.356511549253040183e+00,3.967536071965020117e+00,1.211741569826929946e-02,5.451316269371799805e+00,2.986097252019800141e+00,-7.571596749519300396e-01,2.926137787587410166e+00,5.804056300369939692e-01,1.421316049987739971e+00,-3.779594194947150099e-01,5.286368099813979704e+00,3.442448285070629943e+00,-2.621181147908090203e+00,-1.104849344972059999e+00,-1.155270927944970077e-02,-1.328959339165669995e+00,2.892716777824440033e+00,2.543148396773519782e+00,3.343561270017290088e-01,-6.098331558972399646e-01,1.355803266564340026e+00,4.838409604528390417e+00,-6.048208247316400055e-01,1.260906393945770088e+00,-1.342675532487729972e+00,-5.303300700060539774e-02,-6.679488397185679993e-01,1.668434379347940033e-01,-4.416978130265279967e-01,4.492084803950850080e+00,3.036986553786923948e-01,-1.935262193516144436e+01,-6.582756814676871571e+00,7.804377448745757562e+00,2.580679959879200958e+00,1.263579040910776996e+00,1.315751411974716945e+01,7.120780934567322973e+00,4.161020093387792329e+00,6.748652936053443518e+00,-1.801954577835247928e+00,-1.352254198403503693e+00,8.283322350904925857e-01,-7.769240414789125637e+00,-4.420947654701498308e+00,2.385431239041476914e+00,-1.716714075742162171e+00,1.789970507684355283e-01,-2.172893463407385428e-01,-2.019093868884894505e+00,8.375894490840655848e+00,-1.042378631919028820e+01,2.816884723137579094e+00,-2.256832514840956705e+00,5.196449152126255910e+00,-3.279786673266482211e+00,1.280920660217342855e+00,1.424094133600623202e+01,-4.811868072011811215e+00,-1.708890601399186249e+00,1.183068351363669635e+01,-1.407547733319866268e+00,8.051557191660300816e+00,3.775617147211090874e+00,1.398701992027550078e+00,-3.736133198243997144e-01,-1.622036713901176874e+00,1.236619873508073786e+00,3.266207064022038509e+01,-8.126554150873814830e-01,-8.647808336746876101e-01,-3.615831447953254951e+00,4.449290463087152148e+00,-1.854428156879696532e+00,-6.981948848568416466e+00,-1.467997565666654580e+01,-3.508449374643327179e+00,5.706134639171925649e+00,3.143170811301080114e+00,1.068042367765574374e+00,2.900952100904444109e+01,-1.957414538968796247e+00,-1.413181593544504366e+01,3.280087500241579690e-01,1.161021382744203745e+00,2.070070929621453448e+00,-9.431903494400305510e-01,8.796180226233904165e+00,7.739868843761751549e+00,1.246907999530037259e+01,3.121225983490126588e+00,-1.507400624354894081e+00,1.159910505017695748e+01,5.000000000000000000e+01,8.314696123025452357e-01,-5.555702330196022887e-01
1.947550329647290024e+00,2.664006489435559732e-01,-2.513125756447869841e-01,4.386006284731460148e-01,1.116411075906649897e+00,5.616169030440199689e-02,-1.338173318764620090e+00,-1.370943889033269913e+00,1.103424820117950012e-01,2.998802316997890016e-01,2.277659142631640155e+00,4.394701085485290371e+00,-2.476106923852990083e-01,6.337278560632359614e+00,3.414888191101809856e+00,-7.513322835321549764e-01,2.823260520729970136e+00,5.597475587359770355e-01,1.712539908608359918e+00,-1.915767765373130038e-01,5.649051468803349962e+00,4.037153517895509580e+00,-2.655781940097329930e+00,-1.268760106715010050e+00,-4.040565674603259771e-01,-1.828401508163270073e+00,4.094859575110899819e+00,2.433847199233960090e+00,8.430903814559039811e-01,3.077932520274360151e-01,9.155181833145380477e-01,4.303509544969839951e+00,-6.710504247260260513e-01,1.108909472979229927e+00,-9.447631687488039498e-01,1.050873586029460044e-01,-1.127624660804720014e+00,4.156862306045769895e-01,-2.564108365059559747e-01,4.779562086193809733e+00,6.561239893170127679e-01,-2.021246656554587418e+01,-9.393850699987556396e+00,5.035021250539582383e+00,3.114974203150689291e+00,4.527724644624543160e+00,1.886527114606866462e+01,7.447828658195811080e+00,2.542607527090233077e+00,3.958376182666722087e+00,-1.038758863951490419e+00,-2.566276994873219586e+00,5.275263102175928864e-01,-1.470189802815518121e+01,-4.230398197975911323e+00,2.987667094261992951e+00,-1.591400096207569392e+00,-3.467132840112100656e+00,-4.655674424324299232e-01,-1.460043017104373009e+00,9.753474764692969146e+00,-1.108298303708161114e+01,1.326994248969508128e+00,-2.694050383945815419e+00,3.691199327465979341e+00,-3.027997646175185853e+00,7.304793039329237070e-01,1.250684354300062395e+01,-3.731569990653939684e+00,-1.962663764685417256e+00,1.273471934168130915e+01,2.779035253745936629e+00,6.283033151337892974e+00,4.434298060323668800e+00,3.536814314341309107e+00,-2.269673874256598722e+00,-4.331988723248143103e+00,6.114496095295167688e-01,3.170435759516787755e+01,-1.243682702371441406e+00,8.304574431691194580e-02,-2.522898742853789678e+00,3.682059213222632632e+00,-3.440706503653780501e+00,-6.449319147723981516e+00,-1.441044329248151712e+01,-1.906976667773941259e+00,6.839806913523256426e+00,3.909884210209443545e+00,3.640619788381258548e+00,3.279277636744878066e+01,-7.692304908114335760e-01,-1.386220895326545488e+01,3.706629503087459199e+00,6.960206098390447904e-01,3.494469670882572210e+00,-8.426302347327089270e-01,9.430480081812303794e+00,8.018878399496376375e+00,1.503935434945993421e+01,2.485435385398928165e+00,-1.519977791065193928e+00,1.164271097704584967e+01,5.000000000000000000e+01,7.933533402912349430e-01,-6.087614290087209890e-01
2.261709848656019872e+00,8.803887255824870417e-01,-5.496145665859569762e-01,6.580083739486739525e-01,1.452490175093110070e+00,-8.599648153789930527e-01,-2.190301155697130131e+00,-9.442678227977719940e-01,-9.722168860527770351e-02,1.436699272788939941e-01,2.025942951589999819e+00,4.912828013497620105e+00,-4.156195106078979795e-01,6.569880204891100028e+00,3.278616978627340028e+00,-8.305980161272780160e-01,2.554085114639260023e+00,1.120468120165019954e+00,1.791904062367970063e+00,1.169791760994550039e-01,5.964832391331330363e+00,4.770973514789949910e+00,-2.804342431731099872e+00,-1.163783972883430051e+00,-2.669408111827529795e-01,-1.827607257945339958e+00,4.460979064510509851e+00,1.623771148914479934e+00,1.010441018187830053e+00,-3.961219252526960166e-01,1.231123377628180027e+00,3.237076320061119894e+00,-1.572883514410299943e+00,9.121884256713069794e-01,-7.349240598025750248e-01,-3.037388769943910050e-01,-9.649313896430210535e-01,5.764290250702930329e-01,3.679202384417130101e-01,4.461043597204890077e+00,1.037910863298323383e+00,-1.838245592268501127e+01,-9.860173407532499823e+00,5.449591846404721274e+00,2.111801353070176468e+00,3.228725617603301679e+00,2.303874934174516653e+01,7.101011656905843239e+00,3.754084372764273425e+00,1.144010788784885158e+00,-1.142697670752214734e+00,-3.838128578175765249e+00,-5.242839412000726007e-01,-1.051381478361479083e+01,2.683106983160631898e-01,1.598525106509013360e+00,-1.120020310416840248e+00,-6.038490716882581877e-01,2.408812669064390732e-01,-1.960076041853165085e+00,7.967536337425173087e+00,-1.146694592791874712e+01,1.671432168392210205e+00,-3.045729799412145944e+00,2.276170299068940750e+00,-4.120261861748582888e+00,1.519451496715304994e+00,7.329781050773197748e+00,-1.943602652030547384e+00,-1.363349763135084824e+00,1.197200498389555534e+01,1.527115672403945634e+00,5.220979988717250109e+00,4.371137291179569395e+00,5.072115250280225141e+00,-2.535801253787492104e+00,-7.021880184060790953e+00,-2.832059326388799425e-01,2.795279112103769137e+01,-8.199919248400012739e-01,3.821936596122652019e-01,-1.646266624862546823e+00,2.961478975080435116e+00,-2.212447967644559088e-01,-7.888714880590431910e+00,-1.270554202131262400e+01,-2.736145784901947042e+00,5.756290901323140474e+00,2.873543333350147666e+00,7.477317354623119527e+00,3.416834332697267484e+01,-4.821292938183858734e-01,-1.433479980275552990e+01,3.464988125749359771e+00,2.940715938162637766e+00,5.993355254583189184e-01,-5.361233726562357749e-01,1.052475222722549475e+01,7.984669743506348283e+00,9.324159138492852605e+00,-3.214037048904017091e-01,-1.977882932234052538e+00,1.206657513843363461e+01,5.000000000000000000e+01,7.071067811865472397e-01,-7.071067811865477948e-01
3.034003305209149737e-01,4.642177544133489764e-02,-1.678040776597020112e-01,4.116532845756940007e-01,5.451698450789349559e-01,-2.031323732159779905e+00,-9.573060168941700532e-01,-2.419494508843240133e-01,2.086510806100640159e-02,1.691906681707089910e-01,1.819091415357340091e+00,3.351919817059649809e+00,-3.892059904136930260e-01,4.143129190731330347e+00,1.647775535020260085e+00,-6.232651674678310050e-01,3.447509588779710032e+00,4.490140353141919838e-01,1.255614000638419991e+00,-1.416392819919130019e-01,3.123524666405129935e+00,3.620602367604420113e+00,-9.247343539840320314e-01,-4.933491327476879906e-01,4.473979253625189889e-01,4.686137767501589724e-01,2.826515430669129803e+00,2.208229599023129985e+00,7.559368688623759880e-01,-1.433449392778149978e-01,1.102192947268360035e+00,2.760599941502559940e+00,-8.057513599785419700e-01,1.235583272614090067e+00,-7.450603407711110515e-01,3.461251975820189841e-01,-7.224980262608240444e-01,-1.698276249110559910e-01,-1.218369514363570050e-01,3.841737121942330191e+00,4.006789706140514440e+00,-1.350190431237043320e+01,-6.932270143938509932e+00,2.792416659232725973e-01,8.039717805235071513e-01,1.819402891815066869e+00,1.199719454592245960e+01,6.985727785622877661e+00,4.743091359493040393e+00,2.403155132952501383e-01,-1.401275597173250453e+00,5.507609293734591072e-01,8.915014384973705130e-01,-9.108885349232206607e+00,-2.868566302353758313e-01,2.884786716765471049e+00,-7.897132362016073825e-01,-2.870271958481649399e+00,1.077980504625888347e+00,-3.769295141634955715e-01,3.855669371448053440e+00,2.416415675680971820e-01,-5.969360207015058650e-01,-2.320882489350940325e+00,2.344453004748954239e+00,-2.140583466279046387e+00,1.310073536762704105e+00,4.949979680416540795e+00,-1.661289276939031945e+00,1.411438206490127190e+00,6.968133366290567565e+00,4.051765212817473594e-01,2.891789403077810405e+00,3.982453316841120916e+00,1.638197401868004555e+00,-6.229195251428585323e-01,-1.218423623637752584e+00,-1.100129096690222408e+00,7.840122026355208718e+00,-3.009775542024653028e-01,-5.001842490641003058e-01,-1.708540597944495198e+00,4.336753647581366167e+00,2.547754711316955856e+00,-7.427537662215387471e+00,-1.709559534982428186e+00,-1.777500349854862716e+00,3.855153326122510826e+00,3.167904082697582169e+00,-1.125702901286297575e+00,2.754807362802939963e+01,-1.148226182471192347e+00,-3.098615808420152273e+00,4.952032716563366854e+00,1.630286474543457764e+00,1.746146438259034372e+00,-4.334021141292689894e-01,3.549941512922982323e+00,4.247490775914806171e+00,1.222124124293758207e+01,-7.036900761437205887e+00,-1.382070701950643077e+00,4.580809469724521854e+00,3.750000000000000000e+02,6.593458151000689549e-01,-7.518398074789772734e-01
4.795975705795049726e-01,-1.493771887956210076e-01,1.402841788946760093e-01,-3.694023912561190115e-01,5.209492618447130186e-01,-1.909491763111220042e+00,-9.547742799051890383e-01,-1.863773742099029962e-01,8.880906093890160447e-02,2.872117711697629860e-01,2.039222292788859914e+00,3.206365981216209970e+00,-4.400283780560759750e-01,4.347367127705689782e+00,1.923449799305219976e+00,-5.346415117795489946e-01,3.756312329916470016e+00,4.572230161610439936e-01,1.035873432714180087e+00,-9.262929662486779625e-02,3.635697770816889829e+00,3.243440927415309982e+00,-2.108129950186529822e+00,-1.366534508657029967e+00,7.037439004468259984e-01,-8.854736839365809353e-02,2.328040150367590044e+00,9.116234271087839680e-01,7.439840192523550222e-02,1.971949166577700030e-01,1.164174876647869894e+00,2.601509604527910025e+00,-3.400505906583989879e-01,1.592864978437279921e+00,-3.889853422031420149e-01,-1.246395961661990043e-01,-4.079308294291489889e-01,-3.757365105189440224e-01,3.039386819150600161e-01,3.689653144773690219e+00,2.951316054859320914e+00,-1.346738242657500706e+01,-2.141694707043456880e+00,1.924907490504857766e+00,1.457963469423166347e-01,-1.517190697549293255e-01,1.079230634108345654e+01,8.065708140642637858e+00,7.261465625150801628e+00,5.015205702376615005e-01,-3.486899374781796901e+00,9.138793076588027642e-01,8.673007214507253426e-01,-3.981729682074505394e+00,-8.362334210824360348e-01,-1.401931710018300414e-02,-1.380697787269769883e+00,3.492983634524681191e-01,2.676392445893187144e+00,-7.529369981748614826e-01,3.575116488063506015e+00,-4.827184324418864136e+00,2.539856578352205574e+00,-3.883233338357721109e+00,7.354911283740497296e+00,-3.859519529810230054e+00,1.761631131040718445e+00,6.373108184924838326e+00,-2.196464426063037489e+00,2.204038052300079542e+00,6.612506805336922255e+00,6.013324907595577473e-01,5.209703159540969075e+00,2.586357407570319289e+00,8.891528211038973728e-01,-5.178164478851076113e-01,3.519982185769799710e+00,-5.098827959081898564e-01,1.008081898859761694e+01,-2.068317190410900341e+00,-1.234861384331892076e+00,-1.673205189434399109e+00,5.148585945600249403e+00,4.670648834328240184e+00,-8.756558843692115346e+00,-5.967756345595153888e+00,-6.293291238207195937e-01,3.553917354690410590e+00,6.706595774080731376e-01,3.830626054059962371e-01,2.552585830702575720e+01,-9.432150896149817942e-01,-9.383129858275424340e+00,3.473707617165939787e+00,-2.478856052635836082e-01,4.592347507465421308e-01,-7.590768523892155173e-02,2.462616439219025288e+00,4.748832162740518115e+00,9.585690045928881631e+00,-6.228923513653592536e+00,-1.838173371952805724e+00,4.050122564891818655e+00,3.500000000000000000e+02,6.087614290087208779e-01,-7.933533402912350541e-01
7.255067364653889905e-01,-2.192838739866810049e-01,-2.005543447744470020e-01,-5.581213545686469768e-01,-1.875152575307499903e-01,-1.792102469525330033e+00,-1.221167986365170099e+00,-4.209561077366479886e-01,1.673054233659860002e-01,5.168660201082799777e-01,1.919642842225899981e+00,3.055170675530979985e+00,2.330548120681379953e-01,4.741106558647100400e+00,1.177031106608650068e+00,-2.204298406892649942e-01,3.817333820535219857e+00,3.432427552543019789e-01,8.734077358298180105e-01,-1.909533456901059967e-01,3.684346605846359868e+00,3.467039290223659975e+00,-2.237513989287459815e+00,-1.105934840908679995e+00,8.326268150129829682e-01,1.568962317633559866e-01,2.624713716484269987e+00,5.226462613757459907e-01,3.154289251845630027e-01,-2.846758371944200228e-01,3.643348037486469904e-02,2.569900326483910202e+00,-7.783281987347310249e-01,1.699669787674650046e+00,-5.153905941048489980e-01,-5.657506513885900146e-02,-2.987121804064170050e-01,-3.166416890079539748e-01,-3.642958663124590268e-01,3.897750911851570077e+00,1.298456867689639527e+00,-1.427015558823381980e+01,-1.488717578283353271e+00,3.072254084096896154e+00,1.672850190576513407e+00,3.527193761828533169e+00,1.192341919305580156e+01,4.466328017339565193e+00,7.231423745553319904e+00,3.547756688389660962e+00,-3.187290765961317440e+00,1.839842616799336250e+00,6.040770375708167661e-01,1.959444277596918305e+00,-1.414011995107574693e+00,2.825135972004944929e+00,-3.353013474101536939e+00,-3.755920123820619239e+00,3.286269207511985257e+00,-7.520401679455848143e-01,2.998975338228684340e+00,-7.131839198548684422e+00,5.272123894317515269e-01,-3.627761459556069212e+00,2.704796473355202124e+00,-1.186671495890963435e+00,-2.313758582536530106e+00,9.374252265601576539e+00,-3.617331951386341338e+00,-6.045290471075719374e-01,6.474931104134687310e+00,-1.603007777810671053e+00,7.228651293956035673e+00,2.244014689948047092e+00,3.492855717887451972e-01,-7.966224677622224526e-01,2.709944621321159541e+00,-1.745330141071929519e+00,1.172114899817046307e+01,-1.189369834356139410e+00,-2.016784595208642727e+00,-1.670273687575479782e+00,5.644072685100358200e+00,4.001409875328089782e+00,-7.821213217310477361e+00,-8.359459469221507177e+00,-3.807856198515542800e+00,1.739257138460283070e+00,-1.491197957772691929e+00,3.507102556071882704e-01,2.697070474032245713e+01,-1.576497492310954485e+00,-1.151484863009341630e+01,4.456290608534264841e+00,-5.255694704487015034e-01,1.274485220726196966e+00,3.174286395491218715e-01,4.367937013703706128e+00,3.688433877589383680e+00,6.056673786060156495e+00,-5.419856339165050940e+00,-1.439118849246407539e+00,5.622249730722732153e+00,3.000000000000000000e+02,4.999999999999998890e-01,-8.660254037844387076e-01
